n_segments,mean_cm,median_cm,min_cm,max_cm,mean_lod,median_lod,min_lod,max_lod
112,0.5703214285714285,0.544,0.502,0.835,26.783839285714286,21.715000000000003,1.0,103.32
