chr,n_segments,mean_cm,median_cm,min_cm,max_cm
chr20,1294,1.1113310741885627,1.06282,1.00004,2.16606
chr21,1064,1.1582188157894737,1.09854,1.00009,1.71066
chr22,590,1.0830429491525424,1.04273,1.00081,1.6517
