n_segments,mean_cm,median_cm,min_cm,max_cm
2948,1.122592459294437,1.0679349999999999,1.00004,2.16606
