n_segments,mean_cm,median_cm,min_cm,max_cm,mean_lod,median_lod,min_lod,max_lod
90,0.5715111111111111,0.5355000000000001,0.5,0.864,28.470999999999993,17.14,2.16,204.99
