n_segments,mean_cm,median_cm,min_cm,max_cm,mean_lod,median_lod,min_lod,max_lod
380,1.053163157894737,0.559,0.5,3.373,21.13265789473684,13.495000000000001,1.06,183.22
